INSERT INTO Department VALUES (479680, 'Computer Sceince');
INSERT INTO Department VALUES (423231, 'Biology');
INSERT INTO Department VALUES (435339, 'Chemistry');
INSERT INTO Department VALUES (449959, 'Law');
INSERT INTO Department VALUES (426304, 'Electrical Engineering');
INSERT INTO Department VALUES (407709, 'English');
INSERT INTO Department VALUES (498654, 'Philosophy');
INSERT INTO Department VALUES (470741, 'Information Systems Technology');
INSERT INTO Department VALUES (477363, 'Business Administration');
INSERT INTO Department VALUES (416684, 'Medicine');

INSERT INTO Faculty VALUES (221320, 'Carolyn Murphy', 416684);
INSERT INTO Faculty VALUES (269040, 'Thomas Carpenter', 423231);
INSERT INTO Faculty VALUES (214074, 'Lisa Bowman', 479680);
INSERT INTO Faculty VALUES (217222, 'Albert Watson', 449959);
INSERT INTO Faculty VALUES (268862, 'Janice Gutierrez', 426304);
INSERT INTO Faculty VALUES (283132, 'Louis Pierce', 407709);
INSERT INTO Faculty VALUES (299657, 'Doris Gibson', 470741);
INSERT INTO Faculty VALUES (271928, 'Denise Patterson', 477363);
INSERT INTO Faculty VALUES (292016, 'Janice Cunningham', 498654);
INSERT INTO Faculty VALUES (215748, 'Emily Ward', 435339);

INSERT INTO Courses VALUES ('CS 430', 'Introduction to Databases', 'MWF 10-11', 'A320', 214074, 35);
INSERT INTO Courses VALUES ('ENGL 101', 'English Literature and Comp', 'MWF 1-2', 'B1024', 283132, 100);
INSERT INTO Courses VALUES ('EL 102', 'Introduction to Electrical Eng', 'TR 10-12', 'B1020', 268862, 40);
INSERT INTO Courses VALUES ('PHIL 304', 'Philosophy Through the Years', 'MWF 8-9', 'A200', 292016, 30);
INSERT INTO Courses VALUES ('LAW 400', 'Contract Law', 'TR 6-8', 'B2048', 217222, 150);

INSERT INTO Staff VALUES (350089, 'Rose Peterson', 479680);
INSERT INTO Staff VALUES (330543, 'Dennis Lawson', 423231);
INSERT INTO Staff VALUES (355611, 'Timothy Austin', 435339);
INSERT INTO Staff VALUES (351317, 'Daniel Morrison', 449959);
INSERT INTO Staff VALUES (334916, 'Paula Arnold', 426304);
INSERT INTO Staff VALUES (379154, 'Linda Bennett', 407709);
INSERT INTO Staff VALUES (338500, 'Russell Bryant', 498654);
INSERT INTO Staff VALUES (369356, 'Judy Stanley', 470741);
INSERT INTO Staff VALUES (346411, 'Bruce Montgomery', 477363);
INSERT INTO Staff VALUES (378544, 'Helen Ross', 416684);

INSERT INTO Student VALUES(119731, 'Kimberleigh Vernon', 'Computer Science', 'Junior', 21);
INSERT INTO Student VALUES(139386, 'Fern Aukes', 'Electrical Engineering', 'Sophomore', 20);
INSERT INTO Student VALUES(159995, 'Gerlinde Ravenna', 'English', 'Freshman', 18);
INSERT INTO Student VALUES(117335, 'Lois P. Huff', 'Philosophy', 'Masters', 24);
INSERT INTO Student VALUES(123932, 'Lorraine J. Bailey', 'Computer Science', 'Senior', 22);
INSERT INTO Student VALUES(192090, 'Anthony B. Lucero', 'English', 'PHD', 26);
INSERT INTO Student VALUES(115982, 'Donna A. Wegman', 'Information Systems Technology', 'Freshman', 18);
INSERT INTO Student VALUES(173541, 'Margaret J. Bishop', 'Business Administration', 'Masters', 24);
INSERT INTO Student VALUES(169810, 'Vivian D. Shive', 'Computer Science', 'PHD', 25);
INSERT INTO Student VALUES(130412, 'Joann O. Cormack', 'Electrical Engineering', 'Junior', 30);

